{
  "project_info": {
    "project_number": "618957470694",
    "firebase_url": "https://saferide-32c1d.firebaseio.com",
    "project_id": "saferide-32c1d",
    "storage_bucket": "saferide-32c1d.appspot.com"
  },
  "client": [
    {
      "client_info": {
        "mobilesdk_app_id": "1:618957470694:android:1e9f18675c764fd0",
        "android_client_info": {
          "package_name": "com.example.ecodrive.saferide"
        }
      },
      "oauth_client": [
        {
          "client_id": "618957470694-c5ndrh2ikkg9t4s52k7e1tnapcbji7fe.apps.googleusercontent.com",
          "client_type": 1,
          "android_info": {
            "package_name": "com.example.ecodrive.saferide",
            "certificate_hash": "050fca3d65730ac45bea964ed522868b8196d685"
          }
        },
        {
          "client_id": "618957470694-iqhse2f45jr025v0ce6j7399jumiemla.apps.googleusercontent.com",
          "client_type": 3
        }
      ],
      "api_key": [
        {
          "current_key": "AIzaSyBkVW9g9sTlzeEOAPBbFMulQ8gpGeV1cNQ"
        }
      ],
      "services": {
        "appinvite_service": {
          "other_platform_oauth_client": [
            {
              "client_id": "618957470694-iqhse2f45jr025v0ce6j7399jumiemla.apps.googleusercontent.com",
              "client_type": 3
            }
          ]
        }
      }
    }
  ],
  "configuration_version": "1"
}